role,skills
Data Scientist,"Python, Machine Learning, SQL, Data Analysis, Statistics, Pandas, NumPy, TensorFlow, Scikit-learn, Jupyter, Visualization, Linear Algebra"
DevOps Engineer,"Docker, Kubernetes, AWS, Git, CI/CD, Jenkins, Linux, Terraform, Ansible, Cloud Computing, Automation, Monitoring"
Backend Developer,"Java, Python, SQL, APIs, Microservices, Spring Boot, Node.js, Database Design, Caching, Message Queues, REST, GraphQL"
Frontend Developer,"JavaScript, React, HTML, CSS, TypeScript, Vue.js, Angular, Web Design, Responsive Design, Testing, Version Control"
Cloud Architect,"AWS, Azure, Google Cloud, Kubernetes, Docker, Terraform, Security, Network Architecture, Scalability, Cost Optimization"
Systems Administrator,"Linux, Windows, Networking, Security, Databases, Cloud Computing, Automation, Monitoring, Troubleshooting, Infrastructure"
Machine Learning Engineer,"Python, Machine Learning, Deep Learning, TensorFlow, PyTorch, Neural Networks, Data Processing, Model Optimization, Computer Vision"
Database Administrator,"SQL, Database Design, MySQL, PostgreSQL, MongoDB, Performance Tuning, Backup Recovery, Data Security, Indexing, Query Optimization"
Security Engineer,"Cybersecurity, Network Security, Encryption, Vulnerability Assessment, Penetration Testing, Cloud Security, Risk Management, Authentication"
Full Stack Developer,"JavaScript, React, Node.js, MongoDB, Express, APIs, HTML, CSS, Database Design, Git, Responsive Design, Testing"
Solution Architect,"System Design, Cloud Computing, Microservices, Architecture Patterns, Scalability, AWS, Docker, Kubernetes, Problem Solving"
QA Engineer,"Testing, Automation, Selenium, Java, Python, Bug Tracking, Performance Testing, Regression Testing, Test Planning, CI/CD"
AI/ML Researcher,"Python, Machine Learning, Deep Learning, Research, Mathematics, Statistics, TensorFlow, PyTorch, Papers, Algorithm Design"
DevOps Automation Engineer,"Python, Bash, Docker, Kubernetes, Jenkins, AWS, Infrastructure as Code, Git, Monitoring, Cloud Computing, Automation"
Site Reliability Engineer,"Linux, Python, Go, Kubernetes, Monitoring, Incident Response, Performance Optimization, Database Administration, Automation, Cloud"
